{
	"class_name" : "PinholeCameraParameters",
	"extrinsic" : 
	[
		0.2891986678608785,
		0.76846949412313292,
		-0.57080536679237048,
		0.0,
		-0.95678622669320068,
		0.25098080686871493,
		-0.14686303471006715,
		0.0,
		0.030401429533508533,
		0.58861130738855594,
		0.80784434285125573,
		0.0,
		-0.032325028616871296,
		0.038557755876606925,
		0.6229006320757462,
		1.0
	],
	"intrinsic" : 
	{
		"height" : 720,
		"intrinsic_matrix" : 
		[
			953.61171834701804,
			0.0,
			0.0,
			0.0,
			953.61171834701804,
			0.0,
			639.5,
			359.5,
			1.0
		],
		"width" : 1280
	},
	"version_major" : 1,
	"version_minor" : 0
}